{
	"version": 1,
	"changelists": [
		{
			"guid": "00000000000000000000000000000000",
			"description": "Default Uncontrolled Changelist",
			"files": [
				"D:/Assignments/Game Design/Project/UnrealProject/GameDesign_Sharma/Content/GameAssets/Materials/Tiles_TileSet.uasset",
				"D:/Assignments/Game Design/Project/UnrealProject/GameDesign_Sharma/Content/Levels/MainLevel.umap",
				"D:/Assignments/Game Design/Project/UnrealProject/GameDesign_Sharma/Content/GameAssets/Materials/Assets.uasset",
				"D:/Assignments/Game Design/Project/UnrealProject/GameDesign_Sharma/Content/GameAssets/Materials/Background_1.uasset",
				"D:/Assignments/Game Design/Project/UnrealProject/GameDesign_Sharma/Content/GameAssets/Materials/Background_2.uasset",
				"D:/Assignments/Game Design/Project/UnrealProject/GameDesign_Sharma/Content/GameAssets/Materials/Weapons/Bone/Bone.uasset",
				"D:/Assignments/Game Design/Project/UnrealProject/GameDesign_Sharma/Content/GameAssets/Materials/Char.uasset",
				"D:/Assignments/Game Design/Project/UnrealProject/GameDesign_Sharma/Content/GameAssets/Materials/Enemy/Skeleton_Crew/Skeleton_-_Warrior/Death/Death-Sheet.uasset",
				"D:/Assignments/Game Design/Project/UnrealProject/GameDesign_Sharma/Content/GameAssets/Materials/Enemy/Skeleton_Crew/Skeleton_-_Rogue/Death/Death-Sheet.uasset",
				"D:/Assignments/Game Design/Project/UnrealProject/GameDesign_Sharma/Content/GameAssets/Materials/Enemy/Skeleton_Crew/Skeleton_-_Mage/Death/Death-Sheet.uasset",
				"D:/Assignments/Game Design/Project/UnrealProject/GameDesign_Sharma/Content/GameAssets/Materials/Enemy/Skeleton_Crew/Skeleton_-_Base/Death/Death-Sheet.uasset",
				"D:/Assignments/Game Design/Project/UnrealProject/GameDesign_Sharma/Content/GameAssets/Materials/Enemy/Orc_Crew/Orc_-_Warrior/Death/Death-Sheet.uasset",
				"D:/Assignments/Game Design/Project/UnrealProject/GameDesign_Sharma/Content/GameAssets/Materials/Heroes/Knight/Death/Death-Sheet.uasset",
				"D:/Assignments/Game Design/Project/UnrealProject/GameDesign_Sharma/Content/GameAssets/Materials/Enemy/Orc_Crew/Orc_-_Rogue/Death/Death-Sheet.uasset",
				"D:/Assignments/Game Design/Project/UnrealProject/GameDesign_Sharma/Content/GameAssets/Materials/Enemy/Orc_Crew/Orc_-_Shaman/Death/Death-Sheet.uasset",
				"D:/Assignments/Game Design/Project/UnrealProject/GameDesign_Sharma/Content/GameAssets/Materials/Heroes/Rogue/Death/Death-Sheet.uasset",
				"D:/Assignments/Game Design/Project/UnrealProject/GameDesign_Sharma/Content/GameAssets/Materials/Enemy/Orc_Crew/Orc/Death/Death-Sheet.uasset",
				"D:/Assignments/Game Design/Project/UnrealProject/GameDesign_Sharma/Content/GameAssets/Materials/Heroes/Wizzard/Death/Death-Sheet.uasset",
				"D:/Assignments/Game Design/Project/UnrealProject/GameDesign_Sharma/Content/GameAssets/Materials/Weapons/Hands/Hands.uasset",
				"D:/Assignments/Game Design/Project/UnrealProject/GameDesign_Sharma/Content/GameAssets/Materials/Heroes/Wizzard/Idle/Idle-Sheet.uasset",
				"D:/Assignments/Game Design/Project/UnrealProject/GameDesign_Sharma/Content/GameAssets/Materials/Heroes/Knight/Idle/Idle-Sheet.uasset",
				"D:/Assignments/Game Design/Project/UnrealProject/GameDesign_Sharma/Content/GameAssets/Materials/Heroes/Rogue/Idle/Idle-Sheet.uasset",
				"D:/Assignments/Game Design/Project/UnrealProject/GameDesign_Sharma/Content/GameAssets/Materials/Enemy/Orc_Crew/Orc/Idle/Idle-Sheet.uasset",
				"D:/Assignments/Game Design/Project/UnrealProject/GameDesign_Sharma/Content/GameAssets/Materials/Enemy/Orc_Crew/Orc_-_Shaman/Idle/Idle-Sheet.uasset",
				"D:/Assignments/Game Design/Project/UnrealProject/GameDesign_Sharma/Content/GameAssets/Materials/Enemy/Skeleton_Crew/Skeleton_-_Mage/Idle/Idle-Sheet.uasset",
				"D:/Assignments/Game Design/Project/UnrealProject/GameDesign_Sharma/Content/GameAssets/Materials/Enemy/Skeleton_Crew/Skeleton_-_Rogue/Idle/Idle-Sheet.uasset",
				"D:/Assignments/Game Design/Project/UnrealProject/GameDesign_Sharma/Content/GameAssets/Materials/Enemy/Skeleton_Crew/Skeleton_-_Base/Idle/Idle-Sheet.uasset",
				"D:/Assignments/Game Design/Project/UnrealProject/GameDesign_Sharma/Content/GameAssets/Materials/Enemy/Orc_Crew/Orc_-_Rogue/Idle/Idle-Sheet.uasset",
				"D:/Assignments/Game Design/Project/UnrealProject/GameDesign_Sharma/Content/GameAssets/Materials/Enemy/Skeleton_Crew/Skeleton_-_Warrior/Idle/Idle-Sheet.uasset",
				"D:/Assignments/Game Design/Project/UnrealProject/GameDesign_Sharma/Content/GameAssets/Materials/Enemy/Orc_Crew/Orc_-_Warrior/Idle/Idle-Sheet.uasset",
				"D:/Assignments/Game Design/Project/UnrealProject/GameDesign_Sharma/Content/GameAssets/Materials/Environment/Green_Woods/Assets/Props.uasset",
				"D:/Assignments/Game Design/Project/UnrealProject/GameDesign_Sharma/Content/GameAssets/Materials/Environment/Dungeon_Prison/Assets/Props.uasset",
				"D:/Assignments/Game Design/Project/UnrealProject/GameDesign_Sharma/Content/GameAssets/Materials/Enemy/Orc_Crew/Orc_-_Rogue/Run/Run-Sheet.uasset",
				"D:/Assignments/Game Design/Project/UnrealProject/GameDesign_Sharma/Content/GameAssets/Materials/Heroes/Rogue/Run/Run-Sheet.uasset",
				"D:/Assignments/Game Design/Project/UnrealProject/GameDesign_Sharma/Content/GameAssets/Materials/Enemy/Orc_Crew/Orc/Run/Run-Sheet.uasset",
				"D:/Assignments/Game Design/Project/UnrealProject/GameDesign_Sharma/Content/GameAssets/Materials/Heroes/Knight/Run/Run-Sheet.uasset",
				"D:/Assignments/Game Design/Project/UnrealProject/GameDesign_Sharma/Content/GameAssets/Materials/Heroes/Wizzard/Run/Run-Sheet.uasset",
				"D:/Assignments/Game Design/Project/UnrealProject/GameDesign_Sharma/Content/GameAssets/Materials/Enemy/Skeleton_Crew/Skeleton_-_Base/Run/Run-Sheet.uasset",
				"D:/Assignments/Game Design/Project/UnrealProject/GameDesign_Sharma/Content/GameAssets/Materials/Enemy/Orc_Crew/Orc_-_Shaman/Run/Run-Sheet.uasset",
				"D:/Assignments/Game Design/Project/UnrealProject/GameDesign_Sharma/Content/GameAssets/Materials/Enemy/Orc_Crew/Orc_-_Warrior/Run/Run-Sheet.uasset",
				"D:/Assignments/Game Design/Project/UnrealProject/GameDesign_Sharma/Content/GameAssets/Materials/Enemy/Skeleton_Crew/Skeleton_-_Mage/Run/Run-Sheet.uasset",
				"D:/Assignments/Game Design/Project/UnrealProject/GameDesign_Sharma/Content/GameAssets/Materials/Enemy/Skeleton_Crew/Skeleton_-_Rogue/Run/Run-Sheet.uasset",
				"D:/Assignments/Game Design/Project/UnrealProject/GameDesign_Sharma/Content/GameAssets/Materials/Enemy/Skeleton_Crew/Skeleton_-_Warrior/Run/Run-Sheet.uasset",
				"D:/Assignments/Game Design/Project/UnrealProject/GameDesign_Sharma/Content/GameAssets/Materials/Environment/Green_Woods/Assets/Tiles.uasset",
				"D:/Assignments/Game Design/Project/UnrealProject/GameDesign_Sharma/Content/GameAssets/Materials/Environment/Dungeon_Prison/Assets/Tiles.uasset",
				"D:/Assignments/Game Design/Project/UnrealProject/GameDesign_Sharma/Content/GameAssets/Materials/Environment/Green_Woods/Assets/Trees.uasset",
				"D:/Assignments/Game Design/Project/UnrealProject/GameDesign_Sharma/Content/GameAssets/Materials/Weapons/Wood/Wood.uasset",
				"D:/Assignments/Game Design/Project/UnrealProject/GameDesign_Sharma/Content/GameAssets/Materials/Background_1_TileSet.uasset",
				"D:/Assignments/Game Design/Project/UnrealProject/GameDesign_Sharma/Content/GameAssets/Materials/Background_2_TileSet.uasset",
				"D:/Assignments/Game Design/Project/UnrealProject/GameDesign_Sharma/Content/GameAssets/Materials/TM_Dungeon.uasset",
				"D:/Assignments/Game Design/Project/UnrealProject/GameDesign_Sharma/Content/GameAssets/Materials/HeroSprite/Idle-Sheet_Sprite_3.uasset",
				"D:/Assignments/Game Design/Project/UnrealProject/GameDesign_Sharma/Content/GameAssets/Materials/HeroSprite/Idle-Sheet_Sprite_0.uasset",
				"D:/Assignments/Game Design/Project/UnrealProject/GameDesign_Sharma/Content/GameAssets/Materials/HeroSprite/Idle-Sheet_Sprite_1.uasset",
				"D:/Assignments/Game Design/Project/UnrealProject/GameDesign_Sharma/Content/GameAssets/Materials/HeroSprite/Idle-Sheet_Sprite_2.uasset",
				"D:/Assignments/Game Design/Project/UnrealProject/GameDesign_Sharma/Content/GameAssets/Materials/HeroSprite/Death-Sheet_Sprite_0.uasset",
				"D:/Assignments/Game Design/Project/UnrealProject/GameDesign_Sharma/Content/GameAssets/Materials/HeroSprite/Death-Sheet_Sprite_5.uasset",
				"D:/Assignments/Game Design/Project/UnrealProject/GameDesign_Sharma/Content/GameAssets/Materials/HeroSprite/Death-Sheet_Sprite_4.uasset",
				"D:/Assignments/Game Design/Project/UnrealProject/GameDesign_Sharma/Content/GameAssets/Materials/HeroSprite/Death-Sheet_Sprite_3.uasset",
				"D:/Assignments/Game Design/Project/UnrealProject/GameDesign_Sharma/Content/GameAssets/Materials/HeroSprite/Death-Sheet_Sprite_2.uasset",
				"D:/Assignments/Game Design/Project/UnrealProject/GameDesign_Sharma/Content/GameAssets/Materials/HeroSprite/Death-Sheet_Sprite_1.uasset",
				"D:/Assignments/Game Design/Project/UnrealProject/GameDesign_Sharma/Content/GameAssets/Materials/HeroSprite/Run-Sheet_Sprite_6.uasset",
				"D:/Assignments/Game Design/Project/UnrealProject/GameDesign_Sharma/Content/GameAssets/Materials/HeroSprite/Run-Sheet_Sprite_11.uasset",
				"D:/Assignments/Game Design/Project/UnrealProject/GameDesign_Sharma/Content/GameAssets/Materials/HeroSprite/Run-Sheet_Sprite_10.uasset",
				"D:/Assignments/Game Design/Project/UnrealProject/GameDesign_Sharma/Content/GameAssets/Materials/HeroSprite/Run-Sheet_Sprite_9.uasset",
				"D:/Assignments/Game Design/Project/UnrealProject/GameDesign_Sharma/Content/GameAssets/Materials/HeroSprite/Run-Sheet_Sprite_8.uasset",
				"D:/Assignments/Game Design/Project/UnrealProject/GameDesign_Sharma/Content/GameAssets/Materials/HeroSprite/Run-Sheet_Sprite_7.uasset",
				"D:/Assignments/Game Design/Project/UnrealProject/GameDesign_Sharma/Content/GameAssets/Flipbooks/IdlePLayer.uasset",
				"D:/Assignments/Game Design/Project/UnrealProject/GameDesign_Sharma/Content/GameAssets/Flipbooks/DeathPlayer.uasset",
				"D:/Assignments/Game Design/Project/UnrealProject/GameDesign_Sharma/Content/GameAssets/Flipbooks/RunPlayer.uasset",
				"D:/Assignments/Game Design/Project/UnrealProject/GameDesign_Sharma/Content/Blueprints/PlayerBP.uasset",
				"D:/Assignments/Game Design/Project/UnrealProject/GameDesign_Sharma/Content/Blueprints/GameModeBP.uasset",
				"D:/Assignments/Game Design/Project/UnrealProject/GameDesign_Sharma/Content/Blueprints/PlayerControllerBP.uasset",
				"D:/Assignments/Game Design/Project/UnrealProject/GameDesign_Sharma/Content/GameAssets/Materials/Heroes/Wizzard/Run/Run-Sheet_Sprite_0.uasset",
				"D:/Assignments/Game Design/Project/UnrealProject/GameDesign_Sharma/Content/GameAssets/Materials/Heroes/Wizzard/Run/Run-Sheet_Sprite_1.uasset",
				"D:/Assignments/Game Design/Project/UnrealProject/GameDesign_Sharma/Content/GameAssets/Materials/Heroes/Wizzard/Run/Run-Sheet_Sprite_2.uasset",
				"D:/Assignments/Game Design/Project/UnrealProject/GameDesign_Sharma/Content/GameAssets/Materials/Heroes/Wizzard/Run/Run-Sheet_Sprite_3.uasset",
				"D:/Assignments/Game Design/Project/UnrealProject/GameDesign_Sharma/Content/GameAssets/Materials/Heroes/Wizzard/Run/Run-Sheet_Sprite_4.uasset",
				"D:/Assignments/Game Design/Project/UnrealProject/GameDesign_Sharma/Content/GameAssets/Materials/Heroes/Wizzard/Run/Run-Sheet_Sprite_5.uasset",
				"D:/Assignments/Game Design/Project/UnrealProject/GameDesign_Sharma/Content/Blueprints/Player_Movement.uasset",
				"D:/Assignments/Game Design/Project/UnrealProject/GameDesign_Sharma/Content/Blueprints/IMC_SideScroller.uasset",
				"D:/Assignments/Game Design/Project/UnrealProject/GameDesign_Sharma/Content/GameAssets/Flipbooks/Run_Knight.uasset",
				"D:/Assignments/Game Design/Project/UnrealProject/GameDesign_Sharma/Content/GameAssets/Flipbooks/Idle_knight.uasset",
				"D:/Assignments/Game Design/Project/UnrealProject/GameDesign_Sharma/Content/GameAssets/Flipbooks/Attack_Knight.uasset",
				"D:/Assignments/Game Design/Project/UnrealProject/GameDesign_Sharma/Content/GameAssets/Flipbooks/Death_Knight.uasset",
				"D:/Assignments/Game Design/Project/UnrealProject/GameDesign_Sharma/Content/GameAssets/Flipbooks/Damage_Knight.uasset",
				"D:/Assignments/Game Design/Project/UnrealProject/GameDesign_Sharma/Content/GameAssets/Flipbooks/Jump_Knight.uasset",
				"D:/Assignments/Game Design/Project/UnrealProject/GameDesign_Sharma/Content/GameAssets/Materials/KnightSprites/Knight_anin_Sprite_0.uasset",
				"D:/Assignments/Game Design/Project/UnrealProject/GameDesign_Sharma/Content/GameAssets/Materials/KnightSprites/Knight_anin_Sprite_1.uasset",
				"D:/Assignments/Game Design/Project/UnrealProject/GameDesign_Sharma/Content/GameAssets/Materials/KnightSprites/Knight_anin_Sprite_2.uasset",
				"D:/Assignments/Game Design/Project/UnrealProject/GameDesign_Sharma/Content/GameAssets/Materials/KnightSprites/Knight_anin_Sprite_3.uasset",
				"D:/Assignments/Game Design/Project/UnrealProject/GameDesign_Sharma/Content/GameAssets/Materials/KnightSprites/Knight_anin_Sprite_4.uasset",
				"D:/Assignments/Game Design/Project/UnrealProject/GameDesign_Sharma/Content/GameAssets/Materials/KnightSprites/Knight_anin_Sprite_5.uasset",
				"D:/Assignments/Game Design/Project/UnrealProject/GameDesign_Sharma/Content/GameAssets/Materials/KnightSprites/Knight_anin_Sprite_6.uasset",
				"D:/Assignments/Game Design/Project/UnrealProject/GameDesign_Sharma/Content/GameAssets/Materials/KnightSprites/Knight_anin_Sprite_7.uasset",
				"D:/Assignments/Game Design/Project/UnrealProject/GameDesign_Sharma/Content/GameAssets/Materials/KnightSprites/Knight_anin_Sprite_8.uasset",
				"D:/Assignments/Game Design/Project/UnrealProject/GameDesign_Sharma/Content/GameAssets/Materials/KnightSprites/Knight_anin_Sprite_9.uasset",
				"D:/Assignments/Game Design/Project/UnrealProject/GameDesign_Sharma/Content/GameAssets/Materials/KnightSprites/Knight_anin_Sprite_10.uasset",
				"D:/Assignments/Game Design/Project/UnrealProject/GameDesign_Sharma/Content/GameAssets/Materials/KnightSprites/Knight_anin_Sprite_11.uasset",
				"D:/Assignments/Game Design/Project/UnrealProject/GameDesign_Sharma/Content/GameAssets/Materials/KnightSprites/Knight_anin_Sprite_12.uasset",
				"D:/Assignments/Game Design/Project/UnrealProject/GameDesign_Sharma/Content/GameAssets/Materials/KnightSprites/Knight_anin_Sprite_13.uasset",
				"D:/Assignments/Game Design/Project/UnrealProject/GameDesign_Sharma/Content/GameAssets/Materials/KnightSprites/Knight_anin_Sprite_14.uasset",
				"D:/Assignments/Game Design/Project/UnrealProject/GameDesign_Sharma/Content/GameAssets/Materials/KnightSprites/Knight_anin_Sprite_15.uasset",
				"D:/Assignments/Game Design/Project/UnrealProject/GameDesign_Sharma/Content/GameAssets/Materials/KnightSprites/Knight_anin_Sprite_16.uasset",
				"D:/Assignments/Game Design/Project/UnrealProject/GameDesign_Sharma/Content/GameAssets/Materials/KnightSprites/Knight_anin_Sprite_17.uasset",
				"D:/Assignments/Game Design/Project/UnrealProject/GameDesign_Sharma/Content/GameAssets/Materials/KnightSprites/Knight_anin_Sprite_18.uasset",
				"D:/Assignments/Game Design/Project/UnrealProject/GameDesign_Sharma/Content/GameAssets/Materials/KnightSprites/Knight_anin_Sprite_19.uasset",
				"D:/Assignments/Game Design/Project/UnrealProject/GameDesign_Sharma/Content/GameAssets/Materials/KnightSprites/Knight_anin_Sprite_20.uasset",
				"D:/Assignments/Game Design/Project/UnrealProject/GameDesign_Sharma/Content/GameAssets/Materials/KnightSprites/Knight_anin_Sprite_21.uasset",
				"D:/Assignments/Game Design/Project/UnrealProject/GameDesign_Sharma/Content/GameAssets/Materials/KnightSprites/Knight_anin_Sprite_22.uasset",
				"D:/Assignments/Game Design/Project/UnrealProject/GameDesign_Sharma/Content/GameAssets/Materials/KnightSprites/Knight_anin_Sprite_23.uasset",
				"D:/Assignments/Game Design/Project/UnrealProject/GameDesign_Sharma/Content/GameAssets/Materials/KnightSprites/Knight_anin_Sprite_24.uasset",
				"D:/Assignments/Game Design/Project/UnrealProject/GameDesign_Sharma/Content/GameAssets/Materials/KnightSprites/Knight_anin_Sprite_25.uasset",
				"D:/Assignments/Game Design/Project/UnrealProject/GameDesign_Sharma/Content/GameAssets/Materials/KnightSprites/Knight_anin_Sprite_26.uasset",
				"D:/Assignments/Game Design/Project/UnrealProject/GameDesign_Sharma/Content/GameAssets/Materials/KnightSprites/Knight_anin_Sprite_27.uasset",
				"D:/Assignments/Game Design/Project/UnrealProject/GameDesign_Sharma/Content/GameAssets/Materials/KnightSprites/Knight_anin_Sprite_28.uasset",
				"D:/Assignments/Game Design/Project/UnrealProject/GameDesign_Sharma/Content/GameAssets/Materials/KnightSprites/Knight_anin_Sprite_29.uasset",
				"D:/Assignments/Game Design/Project/UnrealProject/GameDesign_Sharma/Content/GameAssets/Materials/KnightSprites/Knight_anin_Sprite_30.uasset",
				"D:/Assignments/Game Design/Project/UnrealProject/GameDesign_Sharma/Content/GameAssets/Materials/KnightSprites/Knight_anin_Sprite_31.uasset",
				"D:/Assignments/Game Design/Project/UnrealProject/GameDesign_Sharma/Content/GameAssets/Materials/KnightSprites/Knight_anin_Sprite_32.uasset",
				"D:/Assignments/Game Design/Project/UnrealProject/GameDesign_Sharma/Content/GameAssets/Materials/KnightSprites/Knight_anin_Sprite_33.uasset",
				"D:/Assignments/Game Design/Project/UnrealProject/GameDesign_Sharma/Content/GameAssets/Materials/KnightSprites/Knight_anin_Sprite_34.uasset",
				"D:/Assignments/Game Design/Project/UnrealProject/GameDesign_Sharma/Content/GameAssets/Materials/KnightSprites/Knight_anin_Sprite_35.uasset",
				"D:/Assignments/Game Design/Project/UnrealProject/GameDesign_Sharma/Content/GameAssets/Materials/KnightSprites/Knight_anin_Sprite_36.uasset",
				"D:/Assignments/Game Design/Project/UnrealProject/GameDesign_Sharma/Content/GameAssets/Materials/KnightSprites/Knight_anin_Sprite_37.uasset",
				"D:/Assignments/Game Design/Project/UnrealProject/GameDesign_Sharma/Content/GameAssets/Materials/KnightSprites/Knight_anin_Sprite_38.uasset",
				"D:/Assignments/Game Design/Project/UnrealProject/GameDesign_Sharma/Content/GameAssets/Materials/KnightSprites/Knight_anin_Sprite_39.uasset",
				"D:/Assignments/Game Design/Project/UnrealProject/GameDesign_Sharma/Content/GameAssets/Materials/KnightSprites/Knight_anin_Sprite_40.uasset",
				"D:/Assignments/Game Design/Project/UnrealProject/GameDesign_Sharma/Content/GameAssets/Materials/KnightSprites/Knight_anin_Sprite_41.uasset",
				"D:/Assignments/Game Design/Project/UnrealProject/GameDesign_Sharma/Content/GameAssets/Materials/KnightSprites/Knight_anin_Sprite_42.uasset",
				"D:/Assignments/Game Design/Project/UnrealProject/GameDesign_Sharma/Content/GameAssets/Materials/KnightSprites/Knight_anin_Sprite_43.uasset",
				"D:/Assignments/Game Design/Project/UnrealProject/GameDesign_Sharma/Content/GameAssets/Materials/KnightSprites/Knight_anin_Sprite_44.uasset",
				"D:/Assignments/Game Design/Project/UnrealProject/GameDesign_Sharma/Content/GameAssets/Materials/KnightSprites/Knight_anin_Sprite_45.uasset",
				"D:/Assignments/Game Design/Project/UnrealProject/GameDesign_Sharma/Content/GameAssets/Materials/KnightSprites/Knight_anin_Sprite_46.uasset",
				"D:/Assignments/Game Design/Project/UnrealProject/GameDesign_Sharma/Content/GameAssets/Materials/KnightSprites/Knight_anin_Sprite_47.uasset",
				"D:/Assignments/Game Design/Project/UnrealProject/GameDesign_Sharma/Content/GameAssets/Materials/KnightSprites/Knight_anin_Sprite_48.uasset",
				"D:/Assignments/Game Design/Project/UnrealProject/GameDesign_Sharma/Content/GameAssets/Materials/KnightSprites/Knight_anin_Sprite_49.uasset",
				"D:/Assignments/Game Design/Project/UnrealProject/GameDesign_Sharma/Content/GameAssets/Materials/KnightSprites/Knight_anin_Sprite_50.uasset",
				"D:/Assignments/Game Design/Project/UnrealProject/GameDesign_Sharma/Content/GameAssets/Materials/KnightSprites/Knight_anin_Sprite_51.uasset",
				"D:/Assignments/Game Design/Project/UnrealProject/GameDesign_Sharma/Content/GameAssets/Materials/KnightSprites/Knight_anin_Sprite_52.uasset",
				"D:/Assignments/Game Design/Project/UnrealProject/GameDesign_Sharma/Content/GameAssets/Materials/KnightSprites/Knight_anin_Sprite_53.uasset",
				"D:/Assignments/Game Design/Project/UnrealProject/GameDesign_Sharma/Content/GameAssets/Materials/KnightSprites/Knight_anin_Sprite_54.uasset",
				"D:/Assignments/Game Design/Project/UnrealProject/GameDesign_Sharma/Content/GameAssets/Materials/KnightSprites/Knight_anin_Sprite_55.uasset",
				"D:/Assignments/Game Design/Project/UnrealProject/GameDesign_Sharma/Content/GameAssets/Materials/KnightSprites/Knight_anin_Sprite_56.uasset",
				"D:/Assignments/Game Design/Project/UnrealProject/GameDesign_Sharma/Content/GameAssets/Materials/KnightSprites/Knight_anin_Sprite_57.uasset",
				"D:/Assignments/Game Design/Project/UnrealProject/GameDesign_Sharma/Content/GameAssets/Materials/KnightSprites/Knight_anin_Sprite_58.uasset",
				"D:/Assignments/Game Design/Project/UnrealProject/GameDesign_Sharma/Content/GameAssets/Materials/KnightSprites/Knight_anin_Sprite_59.uasset",
				"D:/Assignments/Game Design/Project/UnrealProject/GameDesign_Sharma/Content/GameAssets/Materials/KnightSprites/Knight_anin_Sprite_60.uasset",
				"D:/Assignments/Game Design/Project/UnrealProject/GameDesign_Sharma/Content/GameAssets/Materials/KnightSprites/Knight_anin_Sprite_61.uasset",
				"D:/Assignments/Game Design/Project/UnrealProject/GameDesign_Sharma/Content/GameAssets/Materials/KnightSprites/Knight_anin_Sprite_62.uasset",
				"D:/Assignments/Game Design/Project/UnrealProject/GameDesign_Sharma/Content/GameAssets/Materials/KnightSprites/Knight_anin.uasset",
				"D:/Assignments/Game Design/Project/UnrealProject/GameDesign_Sharma/Content/GameAssets/Materials/EnemySprite/Thief_anim.uasset",
				"D:/Assignments/Game Design/Project/UnrealProject/GameDesign_Sharma/Content/GameAssets/Flipbooks/Idle_Enemy1.uasset",
				"D:/Assignments/Game Design/Project/UnrealProject/GameDesign_Sharma/Content/GameAssets/Flipbooks/Run_Enemy1.uasset",
				"D:/Assignments/Game Design/Project/UnrealProject/GameDesign_Sharma/Content/GameAssets/Flipbooks/Attack_Enemy1.uasset",
				"D:/Assignments/Game Design/Project/UnrealProject/GameDesign_Sharma/Content/GameAssets/Flipbooks/Death_Enemy1.uasset",
				"D:/Assignments/Game Design/Project/UnrealProject/GameDesign_Sharma/Content/GameAssets/Flipbooks/Damage_Eenemy1.uasset",
				"D:/Assignments/Game Design/Project/UnrealProject/GameDesign_Sharma/Content/Blueprints/PlayerAttack.uasset",
				"D:/Assignments/Game Design/Project/UnrealProject/GameDesign_Sharma/Content/Blueprints/Enemy.uasset",
				"D:/Assignments/Game Design/Project/UnrealProject/GameDesign_Sharma/Content/Blueprints/Player_Jump.uasset",
				"D:/Assignments/Game Design/Project/UnrealProject/GameDesign_Sharma/Content/GameAssets/Materials/EnemySprite/Thief_anim_Sprite_0.uasset",
				"D:/Assignments/Game Design/Project/UnrealProject/GameDesign_Sharma/Content/GameAssets/Materials/EnemySprite/Thief_anim_Sprite_1.uasset",
				"D:/Assignments/Game Design/Project/UnrealProject/GameDesign_Sharma/Content/GameAssets/Materials/EnemySprite/Thief_anim_Sprite_10.uasset",
				"D:/Assignments/Game Design/Project/UnrealProject/GameDesign_Sharma/Content/GameAssets/Materials/EnemySprite/Thief_anim_Sprite_11.uasset",
				"D:/Assignments/Game Design/Project/UnrealProject/GameDesign_Sharma/Content/GameAssets/Materials/EnemySprite/Thief_anim_Sprite_12.uasset",
				"D:/Assignments/Game Design/Project/UnrealProject/GameDesign_Sharma/Content/GameAssets/Materials/EnemySprite/Thief_anim_Sprite_13.uasset",
				"D:/Assignments/Game Design/Project/UnrealProject/GameDesign_Sharma/Content/GameAssets/Materials/EnemySprite/Thief_anim_Sprite_14.uasset",
				"D:/Assignments/Game Design/Project/UnrealProject/GameDesign_Sharma/Content/GameAssets/Materials/EnemySprite/Thief_anim_Sprite_15.uasset",
				"D:/Assignments/Game Design/Project/UnrealProject/GameDesign_Sharma/Content/GameAssets/Materials/EnemySprite/Thief_anim_Sprite_16.uasset",
				"D:/Assignments/Game Design/Project/UnrealProject/GameDesign_Sharma/Content/GameAssets/Materials/EnemySprite/Thief_anim_Sprite_17.uasset",
				"D:/Assignments/Game Design/Project/UnrealProject/GameDesign_Sharma/Content/GameAssets/Materials/EnemySprite/Thief_anim_Sprite_18.uasset",
				"D:/Assignments/Game Design/Project/UnrealProject/GameDesign_Sharma/Content/GameAssets/Materials/EnemySprite/Thief_anim_Sprite_19.uasset",
				"D:/Assignments/Game Design/Project/UnrealProject/GameDesign_Sharma/Content/GameAssets/Materials/EnemySprite/Thief_anim_Sprite_2.uasset",
				"D:/Assignments/Game Design/Project/UnrealProject/GameDesign_Sharma/Content/GameAssets/Materials/EnemySprite/Thief_anim_Sprite_20.uasset",
				"D:/Assignments/Game Design/Project/UnrealProject/GameDesign_Sharma/Content/GameAssets/Materials/EnemySprite/Thief_anim_Sprite_21.uasset",
				"D:/Assignments/Game Design/Project/UnrealProject/GameDesign_Sharma/Content/GameAssets/Materials/EnemySprite/Thief_anim_Sprite_22.uasset",
				"D:/Assignments/Game Design/Project/UnrealProject/GameDesign_Sharma/Content/GameAssets/Materials/EnemySprite/Thief_anim_Sprite_23.uasset",
				"D:/Assignments/Game Design/Project/UnrealProject/GameDesign_Sharma/Content/GameAssets/Materials/EnemySprite/Thief_anim_Sprite_24.uasset",
				"D:/Assignments/Game Design/Project/UnrealProject/GameDesign_Sharma/Content/GameAssets/Materials/EnemySprite/Thief_anim_Sprite_25.uasset",
				"D:/Assignments/Game Design/Project/UnrealProject/GameDesign_Sharma/Content/GameAssets/Materials/EnemySprite/Thief_anim_Sprite_26.uasset",
				"D:/Assignments/Game Design/Project/UnrealProject/GameDesign_Sharma/Content/GameAssets/Materials/EnemySprite/Thief_anim_Sprite_27.uasset",
				"D:/Assignments/Game Design/Project/UnrealProject/GameDesign_Sharma/Content/GameAssets/Materials/EnemySprite/Thief_anim_Sprite_28.uasset",
				"D:/Assignments/Game Design/Project/UnrealProject/GameDesign_Sharma/Content/GameAssets/Materials/EnemySprite/Thief_anim_Sprite_29.uasset",
				"D:/Assignments/Game Design/Project/UnrealProject/GameDesign_Sharma/Content/GameAssets/Materials/EnemySprite/Thief_anim_Sprite_3.uasset",
				"D:/Assignments/Game Design/Project/UnrealProject/GameDesign_Sharma/Content/GameAssets/Materials/EnemySprite/Thief_anim_Sprite_30.uasset",
				"D:/Assignments/Game Design/Project/UnrealProject/GameDesign_Sharma/Content/GameAssets/Materials/EnemySprite/Thief_anim_Sprite_31.uasset",
				"D:/Assignments/Game Design/Project/UnrealProject/GameDesign_Sharma/Content/GameAssets/Materials/EnemySprite/Thief_anim_Sprite_4.uasset",
				"D:/Assignments/Game Design/Project/UnrealProject/GameDesign_Sharma/Content/GameAssets/Materials/EnemySprite/Thief_anim_Sprite_5.uasset",
				"D:/Assignments/Game Design/Project/UnrealProject/GameDesign_Sharma/Content/GameAssets/Materials/EnemySprite/Thief_anim_Sprite_6.uasset",
				"D:/Assignments/Game Design/Project/UnrealProject/GameDesign_Sharma/Content/GameAssets/Materials/EnemySprite/Thief_anim_Sprite_7.uasset",
				"D:/Assignments/Game Design/Project/UnrealProject/GameDesign_Sharma/Content/GameAssets/Materials/EnemySprite/Thief_anim_Sprite_8.uasset",
				"D:/Assignments/Game Design/Project/UnrealProject/GameDesign_Sharma/Content/GameAssets/Materials/EnemySprite/Thief_anim_Sprite_9.uasset",
				"D:/Assignments/Game Design/Project/UnrealProject/GameDesign_Sharma/Content/Blueprints/EnemySpawner.uasset",
				"D:/Assignments/Game Design/Project/UnrealProject/GameDesign_Sharma/Content/AI/EnemyController.uasset",
				"D:/Assignments/Game Design/Project/UnrealProject/GameDesign_Sharma/Content/AI/BB_Enemy.uasset",
				"D:/Assignments/Game Design/Project/UnrealProject/GameDesign_Sharma/Content/AI/BT_Enemy.uasset",
				"D:/Assignments/Game Design/Project/UnrealProject/GameDesign_Sharma/Content/AI/BTT_ChasePlayer.uasset",
				"D:/Assignments/Game Design/Project/UnrealProject/GameDesign_Sharma/Content/AI/BTT_FindRandomPatrol.uasset",
				"D:/Assignments/Game Design/Project/UnrealProject/GameDesign_Sharma/Content/Widgets/FailureScreen.uasset",
				"D:/Assignments/Game Design/Project/UnrealProject/GameDesign_Sharma/Content/Levels/level2.umap",
				"D:/Assignments/Game Design/Project/UnrealProject/GameDesign_Sharma/Content/GameAssets/Materials/Assets_TileSet.uasset",
				"D:/Assignments/Game Design/Project/UnrealProject/GameDesign_Sharma/Content/GameAssets/Materials/Environment/Green_Woods/Assets/Tiles_TileSet.uasset",
				"D:/Assignments/Game Design/Project/UnrealProject/GameDesign_Sharma/Content/GameAssets/Materials/Environment/Green_Woods/Assets/Props_TileSet.uasset",
				"D:/Assignments/Game Design/Project/UnrealProject/GameDesign_Sharma/Content/GameAssets/Materials/Props_TileSet.uasset",
				"D:/Assignments/Game Design/Project/UnrealProject/GameDesign_Sharma/Content/GameAssets/Materials/Tiles_TileSet_2.uasset",
				"D:/Assignments/Game Design/Project/UnrealProject/GameDesign_Sharma/Content/GameAssets/Materials/Trees_TileSet.uasset",
				"D:/Assignments/Game Design/Project/UnrealProject/GameDesign_Sharma/Content/GameAssets/Materials/Level2.uasset",
				"D:/Assignments/Game Design/Project/UnrealProject/GameDesign_Sharma/Content/Levels/Level3.umap",
				"D:/Assignments/Game Design/Project/UnrealProject/GameDesign_Sharma/Content/GameAssets/Materials/TM_level3.uasset",
				"D:/Assignments/Game Design/Project/UnrealProject/GameDesign_Sharma/Content/Blueprints/GlobalVariable.uasset",
				"D:/Assignments/Game Design/Project/UnrealProject/GameDesign_Sharma/Content/Blueprints/PlayerMovement.uasset",
				"D:/Assignments/Game Design/Project/UnrealProject/GameDesign_Sharma/Content/Blueprints/PlayerMovementIMC.uasset",
				"D:/Assignments/Game Design/Project/UnrealProject/GameDesign_Sharma/Content/GameAssets/Materials/Knight_anin.uasset",
				"D:/Assignments/Game Design/Project/UnrealProject/GameDesign_Sharma/Content/GameAssets/Materials/Anomaly_anim.uasset",
				"D:/Assignments/Game Design/Project/UnrealProject/GameDesign_Sharma/Content/GameAssets/Materials/Thief_anim.uasset",
				"D:/Assignments/Game Design/Project/UnrealProject/GameDesign_Sharma/Content/GameAssets/Materials/Idle_knight.uasset",
				"D:/Assignments/Game Design/Project/UnrealProject/GameDesign_Sharma/Content/GameAssets/Materials/Run_Knight.uasset",
				"D:/Assignments/Game Design/Project/UnrealProject/GameDesign_Sharma/Content/GameAssets/Materials/Attack_Knight.uasset",
				"D:/Assignments/Game Design/Project/UnrealProject/GameDesign_Sharma/Content/GameAssets/Materials/Damage_Knight.uasset",
				"D:/Assignments/Game Design/Project/UnrealProject/GameDesign_Sharma/Content/GameAssets/Materials/Death_Knight.uasset",
				"D:/Assignments/Game Design/Project/UnrealProject/GameDesign_Sharma/Content/GameAssets/Materials/EnemySprite/Idle_Enemy1.uasset",
				"D:/Assignments/Game Design/Project/UnrealProject/GameDesign_Sharma/Content/GameAssets/Materials/EnemySprite/Run_Enemy1.uasset",
				"D:/Assignments/Game Design/Project/UnrealProject/GameDesign_Sharma/Content/GameAssets/Materials/EnemySprite/Attack_Enemy1.uasset",
				"D:/Assignments/Game Design/Project/UnrealProject/GameDesign_Sharma/Content/GameAssets/Materials/EnemySprite/Death_Enemy1.uasset",
				"D:/Assignments/Game Design/Project/UnrealProject/GameDesign_Sharma/Content/GameAssets/Materials/EnemySprite/Damage_Eenemy1.uasset",
				"D:/Assignments/Game Design/Project/UnrealProject/GameDesign_Sharma/Content/Blueprints/PlayerBP_2.uasset",
				"D:/Assignments/Game Design/Project/UnrealProject/GameDesign_Sharma/Content/GameAssets/Materials/HeroSprite/Run-Sheet_Sprite_0.uasset",
				"D:/Assignments/Game Design/Project/UnrealProject/GameDesign_Sharma/Content/GameAssets/Materials/HeroSprite/Run-Sheet_Sprite_5.uasset",
				"D:/Assignments/Game Design/Project/UnrealProject/GameDesign_Sharma/Content/GameAssets/Materials/HeroSprite/Run-Sheet_Sprite_4.uasset",
				"D:/Assignments/Game Design/Project/UnrealProject/GameDesign_Sharma/Content/GameAssets/Materials/HeroSprite/Run-Sheet_Sprite_3.uasset",
				"D:/Assignments/Game Design/Project/UnrealProject/GameDesign_Sharma/Content/GameAssets/Materials/HeroSprite/Run-Sheet_Sprite_2.uasset",
				"D:/Assignments/Game Design/Project/UnrealProject/GameDesign_Sharma/Content/GameAssets/Materials/HeroSprite/Run-Sheet_Sprite_1.uasset",
				"D:/Assignments/Game Design/Project/UnrealProject/GameDesign_Sharma/Content/GameAssets/Materials/HeroSprite/IdlePLayer.uasset"
			]
		}
	]
}